id,author,favourites,language,reblogs,replies,tags,url
115285528107749516,mementomaori@indg.club,0,en,0,0,,https://indg.club/@mementomaori/115285527953887851
115285270150890049,metagrrrl,0,en,0,1,,https://mastodon.social/@metagrrrl/115285270150890049
115285287418723494,metagrrrl,1,en,0,0,,https://mastodon.social/@metagrrrl/115285287418723494
115285146712798548,stacescases2.bsky.social@bsky.brid.gy,0,en,0,0,"privateinsuranceindustry,ai,medicare",https://fed.brid.gy/r/https://bsky.app/profile/did:plc:76e4qryfph6q4wmz3li6v2l6/post/3lzwwiveahn2b
115284729175585756,iheartnoise.bsky.social@bsky.brid.gy,0,en,0,0,"ai,google",https://fed.brid.gy/r/https://bsky.app/profile/did:plc:ykwur7rcw2nofxhwacigulyq/post/3lzwqk2bzqc2m
115284753447422016,7sleepersmusic,0,en,0,0,,https://mastodon.social/@7sleepersmusic/115284753447422016
115284665677296032,hamilcar117,0,fr,0,0,,https://mastodon.social/@hamilcar117/115284665677296032
115284303938206604,SpaceLifeForm@infosec.exchange,0,en,0,0,"ai,insanity,money",https://infosec.exchange/@SpaceLifeForm/115284303916452194
115284153736339788,iamada@tech.lgbt,2,en,0,1,,https://tech.lgbt/@iamada/115284152799492555
115284178880893172,distorted@transfem.social,0,,0,0,,https://transfem.social/notes/ad7t88d0czz80h4h
115284140043534778,holypangolin,0,en,0,0,,https://mastodon.social/@holypangolin/115284140043534778
115283923054210353,Natanox@chaos.social,1,en,1,2,,https://chaos.social/@Natanox/115283923005211697
115283950509353872,momo@social.linux.pizza,0,en,0,0,,https://social.linux.pizza/@momo/115283950420534095
115284026253442983,stormkeepergu,0,en,0,0,,https://mastodon.social/@stormkeepergu/115284026253442983
115284646398779221,constancies@metalhead.club,0,en,0,0,,https://metalhead.club/@constancies/115284646365859941
115283783608488364,zombiewarrior@techhub.social,0,en,0,1,,https://techhub.social/@zombiewarrior/115283783571816188
115284123707312886,DrMikeWatts,0,en,0,0,,https://mastodon.social/@DrMikeWatts/115284123707312886
115283530873979389,ollibaba@chaos.social,1,en,0,0,ai,https://chaos.social/@ollibaba/115283530833989758
115281611161429426,ollibaba@chaos.social,1,en,0,1,"fortune,ai",https://chaos.social/@ollibaba/115281611095404413
115283438765862999,juliewebgirl@mstdn.social,0,en,0,0,ai,https://mstdn.social/@juliewebgirl/115283438708569622
115281072565450936,PatrickoftheG,1,en,0,2,,https://mastodon.social/@PatrickoftheG/115281072565450936
115283452512170808,rettichschnidi@swiss.social,2,en,0,0,,https://swiss.social/@rettichschnidi/115283452479546645
115283466134068636,herrbentele@chaos.social,0,en,0,1,,https://chaos.social/@herrbentele/115283466103507101
115283469579939167,rettichschnidi@swiss.social,0,en,0,1,"raiffeisenbank,wittenbach",https://swiss.social/@rettichschnidi/115283469547779621
115283657289903520,herrbentele@chaos.social,0,en,0,0,,https://chaos.social/@herrbentele/115283657261777085
115284192631842954,normjess@tech.lgbt,0,en,0,0,,https://tech.lgbt/@normjess/115284192610160879
115283429708459057,daninani@troet.cafe,3,de,1,0,tatort,https://troet.cafe/@daninani/115283429683481048
115283545641457391,daninani@troet.cafe,1,de,0,0,,https://troet.cafe/@daninani/115283545584764663
115283385511709820,kevinrns@mstdn.social,26,en,15,0,"ai,asbestos,hazmat,slop,aislop",https://mstdn.social/@kevinrns/115283385381970793
115281714198009313,Configures@mindly.social,42,en,24,2,,https://mindly.social/@Configures/115281714150906189
115283306486124250,jackwilliambell@rustedneuron.com,2,en,1,1,"economic,Polycrisis",https://rustedneuron.com/@jackwilliambell/115283300802543817
115283319731795222,jackwilliambell@rustedneuron.com,2,en,0,1,,https://rustedneuron.com/@jackwilliambell/115283316780691825
115283338697165427,jackwilliambell@rustedneuron.com,2,en,0,1,,https://rustedneuron.com/@jackwilliambell/115283336656018364
115283348913341896,jackwilliambell@rustedneuron.com,5,en,1,0,,https://rustedneuron.com/@jackwilliambell/115283347006285645
115283245492136107,falken@qoto.org,0,en,0,1,"ai,llm,glasshole,meta,MetaAI,rayban",https://qoto.org/@falken/115283245423109268
115283334663135213,annehargreaves@ioc.exchange,1,en,0,0,,https://ioc.exchange/@annehargreaves/115283334575415002
115283238361696706,BeaBi@troet.cafe,1,de,0,0,"ki,ai,rente,krankenkasse,pflege",https://troet.cafe/@BeaBi/115283238268450000
115283752176022383,surfhosting@mastodon.pirateparty.be,1,en,0,1,,https://mastodon.pirateparty.be/@surfhosting/115283752112083775
115284085234981436,boor,1,en,0,0,,https://mastodon.social/@boor/115284085234981436
115283459316031938,motoridersd@pug.ninja,0,en,0,1,,https://pug.ninja/@motoridersd/115283459082350799
115283510813987735,elfkin@woof.group,0,en,0,3,,https://woof.group/@elfkin/115283510601412440
115283555430281076,toddbuddy@4bear.com,1,en,0,0,,https://4bear.com/@toddbuddy/115283555350940914
115283560893979077,motoridersd@pug.ninja,0,en,0,2,,https://pug.ninja/@motoridersd/115283560654426850
115283609422503700,elfkin@woof.group,0,en,0,0,,https://woof.group/@elfkin/115283609219637984
115283656868332240,seismic007@woof.group,0,en,0,1,,https://woof.group/@seismic007/115283656758754726
115283914659499376,elfkin@woof.group,2,en,0,0,,https://woof.group/@elfkin/115283914231753360
115283585367650870,toddbuddy@4bear.com,1,en,0,0,,https://4bear.com/@toddbuddy/115283585161303967
115283174450591775,vol4life8657@tweesecake.social,0,en,0,1,,https://tweesecake.social/@vol4life8657/115283174410801992
115283247598504452,tinygirl@mstdn.social,0,en,0,0,,https://mstdn.social/@tinygirl/115283247530245047
115283077013528084,cyberlyra@hachyderm.io,1,en,0,1,,https://hachyderm.io/@cyberlyra/115283076916715869
115283129174725974,flypig,0,en,0,1,,https://mastodon.social/@flypig/115283129174725974
115283252112457936,poetaster@mastodon.gamedev.place,2,en,0,1,,https://mastodon.gamedev.place/@poetaster/115283252065671566
115283285960796675,flypig,1,en,0,1,,https://mastodon.social/@flypig/115283285960796675
115283777686853355,poetaster@mastodon.gamedev.place,1,en,0,0,,https://mastodon.gamedev.place/@poetaster/115283777651961312
115283680187512538,jfrench@cupoftea.social,3,en,1,0,,https://cupoftea.social/@jfrench/115283680113198821
115283810408858202,Nerde@beige.party,0,en,0,0,,https://beige.party/@Nerde/115283810359430069
115284277384065625,wisecat@fosstodon.org,0,en,1,0,,https://fosstodon.org/@wisecat/115284277353097019
115282990964199214,dashremover,0,en,0,0,doomposting,https://mastodon.social/@dashremover/115282990964199214
115283010970626972,nazokiyoubinbou@urusai.social,0,en,1,0,,https://urusai.social/@nazokiyoubinbou/115283010900983535
115283081350683027,haitchfive@oldbytes.space,0,en,0,0,,https://oldbytes.space/@haitchfive/115283081151704814
115282953767054798,nazokiyoubinbou@urusai.social,0,en,0,0,,https://urusai.social/@nazokiyoubinbou/115282953648398297
115282981981311600,thijs@ieji.de,1,en,0,1,,https://ieji.de/@thijs/115282981914565779
115282995007462933,ErikJonker,0,en,0,1,,https://mastodon.social/@ErikJonker/115282995007462933
115283336743769722,thijs@ieji.de,0,en,0,0,,https://ieji.de/@thijs/115283336695569139
115283172059261913,Jigsaw_You@mastodon.nl,1,en,0,0,,https://mastodon.nl/@Jigsaw_You/115283171939574822
115282892399275511,synapsenkitzler@digitalcourage.social,0,de,0,0,"ki,ai",https://digitalcourage.social/@synapsenkitzler/115282892291909365
115282888691811135,fedistats@techhub.social,0,en,0,0,,https://techhub.social/@fedistats/115282888666923792
115282883963387309,synapsenkitzler@digitalcourage.social,2,de,1,0,"ki,ai",https://digitalcourage.social/@synapsenkitzler/115282883863569159
115282850603572991,chrisstoecker,19,de,12,4,,https://mastodon.social/@chrisstoecker/115282850603572991
115282882917326060,thegib@mastodon.uno,1,it,0,0,,https://mastodon.uno/@thegib/115282882634211445
115282803876487597,prompt@streetwi.se,0,sv,0,0,"ai,artificialintelligence,neuralnetworks,mythbuster,factcheck,debunked,PromptEngineering,aiprompts,techeducation,digitalliteracy",https://streetwi.se/@prompt/115282803842855331
115282777711790998,neo@psynet.me,0,en,0,1,"ai,vibecoding",https://soc.psynet.me/@neo/115282777592725676
115282759764341521,neo@psynet.me,0,en,0,1,"jetbrains,junie,ai,vibecoding",https://soc.psynet.me/@neo/115282759694145073
115283681847748272,martin@friends.mbober.de,0,en,0,0,,https://friends.mbober.de/display/b22eb8e8-3768-d992-021b-50f263310225
115282985674661861,dandylover1@someplace.social,1,en,0,0,,https://someplace.social/@dandylover1/115282985607889153
115283632871947460,seere,0,en,0,1,,https://mastodon.social/@seere/115283632871947460
115283775917449476,xenodium@indieweb.social,1,en,0,0,,https://indieweb.social/@xenodium/115283775847152097
115282603651360393,yacc143,0,en,0,1,,https://mastodon.social/@yacc143/115282603651360393
115282603672636202,yacc143,0,en,1,1,,https://mastodon.social/@yacc143/115282603672636202
115283527504921859,yacc143,0,en,0,1,,https://mastodon.social/@yacc143/115283527504921859
115283527533761121,yacc143,0,en,0,1,,https://mastodon.social/@yacc143/115283527533761121
115283527551398928,yacc143,0,en,0,0,,https://mastodon.social/@yacc143/115283527551398928
115283273667219708,snowless@defcon.social,0,en,0,0,,https://defcon.social/@snowless/115283273626650531
115282800831911011,rbassett@mathstodon.xyz,2,en,2,1,,https://mathstodon.xyz/@rbassett/115282800652318232
115284086201346361,phonner@mathstodon.xyz,0,en,0,1,,https://mathstodon.xyz/@phonner/115284086087199742
115284088415900893,phonner@mathstodon.xyz,0,en,0,1,,https://mathstodon.xyz/@phonner/115284088326378165
115284524968341137,dneary@mathstodon.xyz,0,en,0,1,,https://mathstodon.xyz/@dneary/115284524893753115
115284593057602635,phonner@mathstodon.xyz,0,en,0,0,,https://mathstodon.xyz/@phonner/115284592978726443
115283226929836828,benleis@mathstodon.xyz,2,en,0,1,,https://mathstodon.xyz/@benleis/115283226814912306
115284107213439230,phonner@mathstodon.xyz,0,en,0,0,,https://mathstodon.xyz/@phonner/115284106941266576
115284519327613611,dneary@mathstodon.xyz,2,en,1,0,,https://mathstodon.xyz/@dneary/115284519246748746
115285519797255132,SmartmanApps@dotnet.social,0,en,0,0,,https://dotnet.social/@SmartmanApps/115285519701104151
115282154269403395,oliver_schafeld@mastodon.online,0,en,0,1,,https://mastodon.online/@oliver_schafeld/115282154191207805
115282168030854107,oliver_schafeld@mastodon.online,0,en,0,0,,https://mastodon.online/@oliver_schafeld/115282167897423006
115282123915597918,KOKEdit,0,en,0,0,,https://mastodon.social/@KOKEdit/115282123915597918
115282042608097739,muzicofiel@mastodon.nl,0,en,0,1,ai,https://mastodon.nl/@muzicofiel/115282042498551290
115282046328014131,ErikJonker,0,en,0,0,,https://mastodon.social/@ErikJonker/115282046328014131
115282037707931251,piotrz@techhub.social,0,en,0,0,,https://techhub.social/@piotrz/115282037665892467
115281997645788032,SANKOFAB@zirk.us,1,en,4,0,"tonyblair,technofascism,larryellison,uk,london,liverpool,manchester,ai,tech,tiktok,cdnpoli,africa,europe,technology,law,mastodon,fediverse,BlackFedi,education,privacy,palestine,gaza,stopgenocide,antizionism,china,iran,cuba,venezuela",https://zirk.us/@SANKOFAB/115281997575343162
115281964102053675,keithwilson.eu@bsky.brid.gy,0,en,1,1,"philosophy,ai,philosophyofai",https://fed.brid.gy/r/https://bsky.app/profile/did:plc:3bybp6nqszlhuan2ch2cmv66/post/3lzvjay5pac2i
115281952248420871,keithwilson.eu@bsky.brid.gy,0,en,0,1,,https://fed.brid.gy/r/https://bsky.app/profile/did:plc:3bybp6nqszlhuan2ch2cmv66/post/3lzvj3brih22i
115281965346911770,keithwilson.eu@bsky.brid.gy,0,en,0,0,,https://fed.brid.gy/r/https://bsky.app/profile/did:plc:3bybp6nqszlhuan2ch2cmv66/post/3lzvjbtzp6k2i
115281940771732458,yplog@fosstodon.org,0,en,1,0,cognitiveload,https://fosstodon.org/@yplog/115281940741412882
115281823866138513,remixtures@tldr.nettime.org,3,en,19,1,,https://tldr.nettime.org/@remixtures/115281823684157450
115282955562940898,DavidNielsen,1,en,0,0,,https://mastodon.social/@DavidNielsen/115282955562940898
115281744638106912,uncanny_static@chaos.social,1,en,1,0,,https://chaos.social/@uncanny_static/115281744616373828
115281614139255465,simon_brooke@mastodon.scot,9,en,4,0,"solarpunk,sustainability,climateemergency,ai,capitalist",https://mastodon.scot/@simon_brooke/115281614091064801
115280933834898104,simon_brooke@mastodon.scot,2,en,2,2,,https://mastodon.scot/@simon_brooke/115280933799114153
115280964566465206,markhburton@mstdn.social,2,en,2,2,,https://mstdn.social/@markhburton/115280964526614649
115281032118736602,simon_brooke@mastodon.scot,1,en,1,1,greens,https://mastodon.scot/@simon_brooke/115281032081224139
115281057506683007,markhburton@mstdn.social,0,en,4,1,,https://mstdn.social/@markhburton/115281057429791024
115281073061481233,simon_brooke@mastodon.scot,1,en,0,2,,https://mastodon.scot/@simon_brooke/115281073027135225
115281080592918670,markhburton@mstdn.social,1,en,1,2,,https://mstdn.social/@markhburton/115281080548971597
115281595289598931,simon_brooke@mastodon.scot,1,en,1,1,,https://mastodon.scot/@simon_brooke/115281595252589772
115281599406296947,peteriskrisjanis@toot.lv,1,lv,0,1,,https://toot.lv/@peteriskrisjanis/115281598992552662
115281635987548311,65dBnoise,0,lv,0,1,technofascism,https://mastodon.social/@65dBnoise/115281635987548311
115281651763782979,peteriskrisjanis@toot.lv,1,lv,0,1,,https://toot.lv/@peteriskrisjanis/115281651230519432
115281733063849546,65dBnoise,1,lv,0,1,,https://mastodon.social/@65dBnoise/115281733063849546
115281744272076275,peteriskrisjanis@toot.lv,0,lv,0,1,,https://toot.lv/@peteriskrisjanis/115281743173160832
115282253802995220,65dBnoise,0,lv,0,0,,https://mastodon.social/@65dBnoise/115282253802995220
115282371133114913,Sweetpea46,1,en,0,0,,https://mastodon.social/@Sweetpea46/115282371133114913
115281598618774846,thomasfricke@23.social,3,de,0,1,,https://23.social/@thomasfricke/115281598508781837
115281605180998507,thomasfricke@23.social,3,de,0,1,trump,https://23.social/@thomasfricke/115281605062737832
115282348946915446,musevg@23.social,0,de,0,0,,https://23.social/@musevg/115282348794126566
115281574991457500,dashremover,0,en,0,0,"ai,techdystopia",https://mastodon.social/@dashremover/115281574991457500
115283833477426135,OttovonWenkoff@mastodonczech.cz,0,cs,0,0,,https://mastodonczech.cz/@OttovonWenkoff/115283833382016105
115281470356329227,remixtures@tldr.nettime.org,1,en,0,0,,https://tldr.nettime.org/@remixtures/115281470184244029
115281691686000642,atlovato,1,en,0,0,,https://mastodon.social/@atlovato/115281691686000642
115282400746874422,BillySmith@social.coop,1,en,0,0,,https://social.coop/@BillySmith/115282400688743203
115283133078240011,Justbeep@social.tchncs.de,1,en,0,0,,https://social.tchncs.de/@Justbeep/115283133021314929
115281375543767107,Boerps@nrw.social,0,de,0,0,ai,https://nrw.social/@Boerps/115281375519358031
115281304708778050,lassegismo@lassegismo-social.dnsuser.info,0,en,0,0,,https://lassegismo-social.dnsuser.info/display/125c0079-1968-d905-34ce-878359235272
115281436142104794,OutOfSpace@berlin.social,1,de,0,0,,https://berlin.social/@OutOfSpace/115281436054876918
115281524426981009,maexchen1@nrw.social,1,de,0,0,llm,https://nrw.social/@maexchen1/115281524399178831
115282585385784671,einfachnurRoland@nrw.social,1,de,0,0,,https://nrw.social/@einfachnurRoland/115282585365914497
115284656060597068,Rocket@det.social,0,de,0,0,,https://det.social/@Rocket/115284656025997261
115281292079673212,llewelynpritchard.bsky.social@bsky.brid.gy,0,en,0,0,"donaldtrump,EpsteinFiles,releaseallunredactedepsteinfiles,crime,humanrights,socialjustice,ClimateJusticeisSocialJustice,ai,corruption,llewelynpritchard,education,CivilResistance,trumpsamerica,president,youtube",https://fed.brid.gy/r/https://bsky.app/profile/did:plc:4sivhpo2an6off6obxrbc3oo/post/3lzv7pxbkmc2m
115281287911672833,llewelynpritchard.bsky.social@bsky.brid.gy,0,en,0,1,"senatoradamschiff,donaldtrump,bullyboytrump,GhislaineMaxwell,jeffreyepstein,sextraffickers,children,trumpsepsteinfiles,trumpscoverup",https://fed.brid.gy/r/https://bsky.app/profile/did:plc:4sivhpo2an6off6obxrbc3oo/post/3lzv7o5n36c2m
115281290430396617,llewelynpritchard.bsky.social@bsky.brid.gy,0,en,0,1,"imprisontrumpandcronies,impeach,imprisonwarcriminals,epsteinlied,trumpsgovernmentofficialslie,pathocrats,pathocracy,trumplies,patelhideshislies,bondihidesherlies,PeopleDie,jailtime,epstein,jeffreyepstein",https://fed.brid.gy/r/https://bsky.app/profile/did:plc:4sivhpo2an6off6obxrbc3oo/post/3lzv7pciif22m
115281284481664851,kkarhan@infosec.space,2,en,1,1,"aws,cloud,saas,serverless,techstack,cloudcomputing,ai,toxic,lockineffect,windows,microsoft365,enshittification,gafams,it",https://infosec.space/@kkarhan/115281284425713617
115279881912547430,jackyan,2,en,1,1,,https://mastodon.social/@jackyan/115279881912547430
115279892127246680,kkarhan@infosec.space,1,en,0,1,"clownflare,rogueisp,cloudflare,abusereports",https://infosec.space/@kkarhan/115279892095725134
115279910296672157,kkarhan@infosec.space,1,en,1,1,"clownflare,ddos,useragent,bytespider,MattKC,cloudflare",https://infosec.space/@kkarhan/115279910267984479
115280488567234608,jackyan,2,en,1,1,,https://mastodon.social/@jackyan/115280488567234608
115281145861831090,kkarhan@infosec.space,1,en,0,1,"clownflare,hoster,cloudflare",https://infosec.space/@kkarhan/115281145807260641
115281170955855257,jackyan,3,en,1,2,,https://mastodon.social/@jackyan/115281170955855257
115281213591726545,jackyan,1,en,1,1,,https://mastodon.social/@jackyan/115281213591726545
115281298584364747,jackyan,3,en,3,1,,https://mastodon.social/@jackyan/115281298584364747
115281321039907052,kkarhan@infosec.space,2,en,1,1,"office365,it",https://infosec.space/@kkarhan/115281321002022287
115281331104898051,jackyan,2,en,1,1,,https://mastodon.social/@jackyan/115281331104898051
115281372563783124,kkarhan@infosec.space,2,en,1,1,"it,pc,enshittified,sysadmin,tsv,markdown,text,ooxml,outlook,subscription,addon,thunderbird,email",https://infosec.space/@kkarhan/115281372526968705
115282195139185814,jackyan,1,en,1,1,,https://mastodon.social/@jackyan/115282195139185814
115282771522420521,kkarhan@infosec.space,2,en,0,2,itsec,https://infosec.space/@kkarhan/115282771478242531
115282821769991541,rainyday@infosec.town,1,,1,1,,https://infosec.town/notes/ad7gwd3terxwwso9
115282969439719804,kkarhan@infosec.space,3,de,1,2,,https://infosec.space/@kkarhan/115282969328696775
115283802250661778,rainyday@infosec.town,1,,0,1,,https://infosec.town/notes/ad7pt1sxti1godqv
115283834713602883,kkarhan@infosec.space,1,en,1,1,"gdpr,bdsg",https://infosec.space/@kkarhan/115283834658855244
115283859419033546,rainyday@infosec.town,0,,0,0,,https://infosec.town/notes/ad7qbr2gjzwk3lxt
115283841012594728,jackyan,0,de,0,0,,https://mastodon.social/@jackyan/115283841012594728
115283834764822367,jackyan,0,en,0,0,,https://mastodon.social/@jackyan/115283834764822367
115281243395829302,llewelynpritchard.bsky.social@bsky.brid.gy,0,en,0,0,"donaldtrump,EpsteinFiles,releaseallunredactedepsteinfiles,crime,humanrights,socialjustice,ClimateJusticeisSocialJustice,ai,corruption,llewelynpritchard,education,CivilResistance,trumpsamerica,president,youtube",https://fed.brid.gy/r/https://bsky.app/profile/did:plc:4sivhpo2an6off6obxrbc3oo/post/3lzv6zpzq5s2m
115281227720310535,llewelynpritchard.bsky.social@bsky.brid.gy,0,en,0,1,,https://fed.brid.gy/r/https://bsky.app/profile/did:plc:4sivhpo2an6off6obxrbc3oo/post/3lzv6sqf4gs2m
115281236729569407,llewelynpritchard.bsky.social@bsky.brid.gy,0,en,0,1,"senatoradamschiff,leastqualifiedfbidirector,KashPatel,trumpscoverup",https://fed.brid.gy/r/https://bsky.app/profile/did:plc:4sivhpo2an6off6obxrbc3oo/post/3lzv6wq227k2m
115281239474133970,llewelynpritchard.bsky.social@bsky.brid.gy,0,en,0,1,"imprisontrumpandcronies,impeach,imprisonwarcriminals,epsteinlied,trumpsgovernmentofficialslie,pathocrats,pathocracy",https://fed.brid.gy/r/https://bsky.app/profile/did:plc:4sivhpo2an6off6obxrbc3oo/post/3lzv6y3jnhk2m
115281241652719222,llewelynpritchard.bsky.social@bsky.brid.gy,0,en,0,1,"trumplies,patelhideshislies,bondihidesherlies,PeopleDie,jailtime,epstein,jeffreyepstein",https://fed.brid.gy/r/https://bsky.app/profile/did:plc:4sivhpo2an6off6obxrbc3oo/post/3lzv6z4vvzs2m
115281234766620537,synapsenkitzler@digitalcourage.social,5,en,0,1,"aibabysitters,ai",https://digitalcourage.social/@synapsenkitzler/115281234728493610
115281780861438370,eaterofsnacks@tilde.zone,3,en,0,0,,https://tilde.zone/@eaterofsnacks/115281780748770126
115281846875087513,hardworm@mastodon.moscow,0,ru,0,1,,https://mastodon.moscow/@hardworm/115281845300647215
115281860376813879,nestab@toot.cat,0,ru,0,1,,https://toot.cat/@nestab/115281860328936149
115281875779963352,hardworm@mastodon.moscow,1,ru,0,0,,https://mastodon.moscow/@hardworm/115281874187553769
115281390635235554,SnowyCA@vivaldi.net,1,en,0,0,,https://social.vivaldi.net/@SnowyCA/115281390550850886
115281179998676921,llewelynpritchard.bsky.social@bsky.brid.gy,0,en,0,0,"donaldtrump,EpsteinFiles,releaseallunredactedepsteinfiles,crime,humanrights,socialjustice,ClimateJusticeisSocialJustice,ai,corruption,llewelynpritchard,education,CivilResistance,trumpsamerica,president,youtube",https://fed.brid.gy/r/https://bsky.app/profile/did:plc:4sivhpo2an6off6obxrbc3oo/post/3lzv63gzpd222
115281175474218697,llewelynpritchard.bsky.social@bsky.brid.gy,0,en,0,1,"GhislaineMaxwell,jeffreyepstein,sextraffickers,children,trumpsepsteinfiles,trumpscoverup",https://fed.brid.gy/r/https://bsky.app/profile/did:plc:4sivhpo2an6off6obxrbc3oo/post/3lzv5yfucds22
115281179276012363,llewelynpritchard.bsky.social@bsky.brid.gy,0,en,0,1,"imprisontrumpandcronies,impeach,imprisonwarcriminals,epsteinlied",https://fed.brid.gy/r/https://bsky.app/profile/did:plc:4sivhpo2an6off6obxrbc3oo/post/3lzv5zn4hmc22
115281174438723218,llewelynpritchard.bsky.social@bsky.brid.gy,0,en,0,0,"trumpsgovernmentofficialslie,pathocrats,pathocracy,trumplies,patelhideshislies,bondihidesherlies,PeopleDie,jailtime,epstein,jeffreyepstein",https://bsky.brid.gy/r/https://bsky.app/profile/did:plc:4sivhpo2an6off6obxrbc3oo/post/3lzv62pjqt222
115283170807443961,pheonix@fosstodon.org,1,en,0,0,,https://fosstodon.org/@pheonix/115283170766844265
115280900493692538,fosserytech@social.linux.pizza,4,en,2,0,"weeklynews,opensource,fossnews,opensourcenews,foss,git,zed,ruby,infrastructure,ollama,calibre,ffmpeg,servo,Immich,rufus,multimedia,penpot,design,webdesign,ai,artificialintelligence,browser,browserengine,freebsd,bsd,os,operatingsystem,development,programming,coding,fosserytech",https://social.linux.pizza/@fosserytech/115280900288740164
115280899233600408,fosserytech@social.linux.pizza,4,en,0,1,"weeklynews,opensource,fossnews,opensourcenews,foss,protonmail,obs,element,zenbrowser,pinta,warzone2100,Odysee,contentcreation,email,chat,videosharing,fosserytech",https://social.linux.pizza/@fosserytech/115280899047403597
115280853750934233,JdeBP@mastodon.scot,0,en,0,0,"uspolitics,elbowsup,PeteHoekstra,greenland,canada,ai",https://mastodon.scot/@JdeBP/115280853733533749
115280766529518570,SoftwareTheron@mas.to,0,en,0,2,,https://mas.to/@SoftwareTheron/115280766497243958
115280824059288070,ChrisMayLA6@zirk.us,0,en,0,1,,https://zirk.us/@ChrisMayLA6/115280824004735596
115280865931817291,SoftwareTheron@mas.to,0,en,0,1,,https://mas.to/@SoftwareTheron/115280865901524178
115280882091463578,ChrisMayLA6@zirk.us,0,en,0,1,,https://zirk.us/@ChrisMayLA6/115280882044070255
115281224595217891,SoftwareTheron@mas.to,1,en,0,0,,https://mas.to/@SoftwareTheron/115281224572737251
115280832005481486,jetlagjen@gts.phillipsuk.org,0,en,0,1,,https://gts.phillipsuk.org/@jetlagjen/statuses/01K67MWM0BTBD1QZGG8046JT9J
115280869457799201,SoftwareTheron@mas.to,1,en,0,0,,https://mas.to/@SoftwareTheron/115280869414602872
115281150376313081,kbm0,2,en,1,1,,https://mastodon.social/@kbm0/115281150376313081
115281158001353110,ChrisMayLA6@zirk.us,1,en,0,1,,https://zirk.us/@ChrisMayLA6/115281157941297643
115281234255378795,kbm0,1,en,0,0,,https://mastodon.social/@kbm0/115281234255378795
115281364796519753,nini@oldbytes.space,1,en,0,0,,https://oldbytes.space/@nini/115281364734559756
115281666229339412,H4Heights@mstdn.social,0,en,0,0,,https://mstdn.social/@H4Heights/115281666179949977
115280723466449922,mandrasch@social.tchncs.de,0,en,0,0,"chatgpt,codex,chatgptcodex,vibecoding,ai,vscode",https://social.tchncs.de/@mandrasch/115280723389846618
115281062068554094,deivudesu,2,en,0,0,,https://mastodon.social/@deivudesu/115281062068554094
115280629991603091,gullevek@famichiki.jp,0,en,0,0,,https://famichiki.jp/@gullevek/115280629894844131
115280660927996568,redhero@famichiki.jp,0,en,0,1,,https://famichiki.jp/@redhero/115280660783536477
115280816142777449,takosix@famichiki.jp,0,en,0,1,,https://famichiki.jp/@takosix/115280816069630314
115281066605354890,deivudesu,1,en,0,0,,https://mastodon.social/@deivudesu/115281066605354890
115280396775244755,itsYasminPhotos,0,en,0,1,ai,https://mastodon.social/@itsYasminPhotos/115280396775244755
115279961508426036,itsYasminPhotos,0,en,1,5,"petcat,gameplay",https://mastodon.social/@itsYasminPhotos/115279961508426036
115280376454647195,itsYasminPhotos,0,en,0,1,hiddenpoke,https://mastodon.social/@itsYasminPhotos/115280376454647195
115280417026802815,itsYasminPhotos,0,en,0,0,competitive,https://mastodon.social/@itsYasminPhotos/115280417026802815
115280159552095447,dashremover,2,en,0,0,"ai,futureofwork,definitelynotafiring",https://mastodon.social/@dashremover/115280159552095447
115280050577416044,miclgael@hachyderm.io,3,en,1,2,,https://hachyderm.io/@miclgael/115280050539731640
115280358433750436,InTheseHeels@mastodon.ie,1,en,1,1,,https://mastodon.ie/@InTheseHeels/115280358408228183
115280554624930758,miclgael@hachyderm.io,0,en,0,3,,https://hachyderm.io/@miclgael/115280554590588663
115280570232836773,InTheseHeels@mastodon.ie,0,en,0,0,,https://mastodon.ie/@InTheseHeels/115280570208162428
115280582763197639,ejstacey@social.joyrex.net,2,en,0,1,,https://social.joyrex.net/@ejstacey/115280582704956047
115280704823633365,miclgael@hachyderm.io,0,en,0,0,,https://hachyderm.io/@miclgael/115280704776037061
115280810943693196,mez@mastodon.nz,2,en,0,1,,https://mastodon.nz/@mez/115280810823394511
115280899601528425,miclgael@hachyderm.io,0,en,0,0,,https://hachyderm.io/@miclgael/115280899565155105
115283139788439307,AngelaScholder@mastodon.energy,1,en,0,0,,https://mastodon.energy/@AngelaScholder/115283139677310650
115280392768880910,Gina@fosstodon.org,4,en,0,1,,https://fosstodon.org/@Gina/115280392693298780
115280402748850218,ScottMGS@justme.masto.host,0,en,0,0,,https://justme.masto.host/@ScottMGS/115280402454139049
115280394556627329,craignicol@glasgow.social,2,en,1,0,,https://glasgow.social/@craignicol/115280394443149552
115280656340562976,mad@freiburg.social,3,en,6,1,,https://freiburg.social/@mad/115280656275832917
115280669975840469,mad@freiburg.social,1,en,1,0,,https://freiburg.social/@mad/115280669915168659
115281012580402458,agbuckley,0,en,0,0,,https://mastodon.social/@agbuckley/115281012580402458
115281197395470756,simonives,0,en,0,0,,https://mastodon.social/@simonives/115281197395470756
115281296847662159,Flussmusik@nrw.social,0,de,0,0,,https://nrw.social/@Flussmusik/115281296830888342
115281572291397681,sparseMatrix@defcon.social,0,en,0,0,,https://defcon.social/@sparseMatrix/115281572268578698
115283095949289872,jaap@bsd.cafe,0,en,0,0,,https://mastodon.bsd.cafe/@jaap/115283095768453105
115280945317903727,khobochka,1,en,0,0,,https://mastodon.social/@khobochka/115280945317903727
115282455114012456,paninid@mastodon.world,0,en,1,0,,https://mastodon.world/@paninid/115282455075687615
115279009494602143,jmeowmeow@hachyderm.io,0,en,0,1,,https://hachyderm.io/@jmeowmeow/115279009442111907
115279074240607809,lauren@mastodon.laurenweinstein.org,2,en,1,1,,https://mastodon.laurenweinstein.org/@lauren/115279074118224965
115279091172322067,lauren@mastodon.laurenweinstein.org,2,en,0,0,,https://mastodon.laurenweinstein.org/@lauren/115279084291312783
115279108778451771,ekapros,2,en,0,1,,https://mastodon.social/@ekapros/115279108778451771
115279141443018680,lauren@mastodon.laurenweinstein.org,0,en,0,0,,https://mastodon.laurenweinstein.org/@lauren/115279111814716400
115279510097220320,PeterLudemann@mathstodon.xyz,1,en,0,0,,https://mathstodon.xyz/@PeterLudemann/115279510058395651
115280564871742437,Sharksonaplane@mastodon.sandwich.net,2,en,2,1,,https://mastodon.sandwich.net/@Sharksonaplane/115280564761545827
115283098086986783,paul@m.pcgt.link,1,en,0,0,,https://m.pcgt.link/@paul/115283097877936873
115280847174305191,mdione@en.osm.town,0,en,0,1,,https://en.osm.town/@mdione/115280847087349977
115282480399606339,lauren@mastodon.laurenweinstein.org,0,en,0,0,,https://mastodon.laurenweinstein.org/@lauren/115282464944910620
115279347903518496,havvyhh2@mas.to,5,en,8,0,,https://mas.to/@havvyhh2/115279347876369822
115284762982012164,andrea_smandrea@zirk.us,0,en,0,0,,https://zirk.us/@andrea_smandrea/115284762960362455
115278893339130466,michabbb@vivaldi.net,0,en,0,1,,https://social.vivaldi.net/@michabbb/115278893204881666
115278893228720496,michabbb@vivaldi.net,0,en,0,0,codexcli,https://social.vivaldi.net/@michabbb/115278893227593123
115278893426047965,michabbb@vivaldi.net,0,en,0,0,"nodejs,codexcli",https://social.vivaldi.net/@michabbb/115278893252193765
115279221284005292,MikeImBack@disabled.social,1,en,0,1,,https://disabled.social/@MikeImBack/115279221228119601
115279232723671972,dcdeejay@mastodon.online,1,en,0,1,,https://mastodon.online/@dcdeejay/115279232657055266
115279666531920982,MikeImBack@disabled.social,1,en,0,0,,https://disabled.social/@MikeImBack/115279666391805208
115279264155771645,Miro_Collas@masto.ai,1,en,2,0,,https://masto.ai/@Miro_Collas/115279264116166676
115278743907440590,dashremover,1,en,1,1,"ai,linux,eos,digitalegezelligheid",https://mastodon.social/@dashremover/115278743907440590
115278770607239604,maartjeS@mastodon.nl,1,en,0,0,,https://mastodon.nl/@maartjeS/115278770512233162
115278646889421309,Queen1066,0,en,0,0,"ai,letthefunbegin",https://mastodon.social/@Queen1066/115278646889421309
115278567615170911,six_grandfathers_mountain,0,en,0,0,"aibubble,aibubbleburst,bbc,channel4,theshadowscholars,ai,kenyans,ghostwriting,academicpapers",https://mastodon.social/@six_grandfathers_mountain/115278567615170911
115277608700213742,foobarry,0,en,0,1,,https://mastodon.social/@foobarry/115277608700213742
115285572733665278,raisinbutter@mstdn.jp,0,ja,0,0,"ロリ,stablediffusion,ai,ai生成画像,aiart,ai美少女,aigirl",https://mstdn.jp/@raisinbutter/115285572476824049
115285553038868538,ngate,0,en,0,0,"fernflower,decompiler,jetbrains,bytecode,github,ai,codedevelopment,hackernews,ngated",https://mastodon.social/@ngate/115285553038868538
115285540161439101,BrettCoulstock@adforward.org,0,en,0,0,ai,https://adforward.org/@BrettCoulstock/115285540112495624
115285496352118776,DrMikeWatts@newsmast.social,0,en,1,0,"ai,artificialintelligence",https://newsmast.social/@DrMikeWatts/115285496313901826
115285495718051633,DrMikeWatts,0,en,1,0,"ai,artificialintelligence",https://mastodon.social/@DrMikeWatts/115285495718051633
115285493273595693,CuratedHackerNews,0,en,0,0,ai,https://mastodon.social/@CuratedHackerNews/115285493273595693
115285482225155009,ngate,0,en,0,0,"craig,groundbreaking,revelation,ai,email,overfunding,response,hackernews,ngated",https://mastodon.social/@ngate/115285482225155009
115285481916066690,h4ckernews,1,en,1,0,"hackernews,ai,overinvestment,reader,response,technology,insights,future,of",https://mastodon.social/@h4ckernews/115285481916066690
115285475657137500,robpegoraro.com@robpegoraro.com,0,en,1,0,"ai,android,bradsmith,chromeos,cristianoamon,gaza,googleoses,idf,microsoft,privacy,qualcomm,sameersamat,smartglasses,snapdragonsummit,Unit8200",https://robpegoraro.com/2025/09/28/weekly-output-android-chrome-os-qualcomms-ai-vision-microsoft-cancels-some-idf-unit-8200-services/
115285438061011331,36kr.jp@web.brid.gy,0,en,0,0,"exciteのrssに登録,大企業,注目記事,アリババクラウド,データセンター,agi,生成ai,aiインフラ,投資,asi,ai,アリババ",https://fed.brid.gy/r/https://36kr.jp/375662/
115285438042872741,36kr.jp@web.brid.gy,0,en,0,0,"大企業,編集部お勧め記事,注目記事,36krオリジナル,自動運転,モビリティ,ロボタクシー,Ponyai,小馬智行,ai,日本市場,ポニーai,自動車",https://fed.brid.gy/r/https://36kr.jp/375431/
115285429572591708,kdkorte@fosstodon.org,0,en,0,0,"ai,opensource",https://fosstodon.org/@kdkorte/115285429533460865
115285416602849674,DoomsdaysCW@kolektiva.social,2,en,0,0,"gemini,AuDHD,doomgpt,humanpowered,humanintelligence,ai",https://kolektiva.social/@DoomsdaysCW/115285416106170956
115285414717972161,stargazer@mastodon.nz,0,en,4,1,"ai,racism,bias",https://mastodon.nz/@stargazer/115285414454180549
115285369223539408,linuxeasy@mastodon.uno,0,it,0,0,"fedora,ai,opensource,etica,linux",https://mastodon.uno/@linuxeasy/115285369172354773
115285307126439009,nic221.bsky.social@bsky.brid.gy,0,en,0,0,"ai,google,gemini",https://fed.brid.gy/r/https://bsky.app/profile/did:plc:rhkcyc46ubi523e47bhnkpbb/post/3lzwyrw26ix2h
115285306827871120,nic221@techhub.social,0,en,0,0,"ai,google,gemini",https://techhub.social/@nic221/115285306734575952
115285252736202788,metagrrrl,1,en,0,1,ai,https://mastodon.social/@metagrrrl/115285252736202788
115285217319121279,DrMikeWatts@newsmast.social,0,en,1,0,"ai,artificialintelligence",https://newsmast.social/@DrMikeWatts/115285217291806173
115285216593536581,DrMikeWatts,0,en,1,0,"ai,artificialintelligence",https://mastodon.social/@DrMikeWatts/115285216593536581
115285153545255696,michaelmartine@mstdn.social,0,en,0,0,"shownotes,podcast,vibecoding,ai,gamingchums,llms,infocom,robots,construction,selfassembling,spacehabitats",https://mstdn.social/@michaelmartine/115285153367219302
115285149416707383,zigs,0,en,0,0,"art,animeart,deviantart,elf,ai,elfgirl,elf_girl,aiart,ai_generated,ai_generatedart",https://mastodon.social/@zigs/115285149416707383
115285146537459690,stacescases2.bsky.social@bsky.brid.gy,0,en,1,1,"medicare,ai,wiser",https://fed.brid.gy/r/https://bsky.app/profile/did:plc:76e4qryfph6q4wmz3li6v2l6/post/3lzwwius3fv2b
115285139732346010,npbhub@j-ch.net,0,en,1,0,"ai,チアガール,チアリーダー,野球,応援,可愛い,npb,プロ野球,baseball,baseballnews,ベースボール,やきゅう,野球ボール",https://j-ch.net/@npbhub/115285139526200178
115285092747364326,walknews@jforo.com,0,en,0,0,"ai,canada,アプリ・サービス,カナダ,動画・音楽・ゲーム",https://jforo.com/@walknews/115285092563450808
115285082501359629,mimsy_borogrove,0,en,0,0,"ai,bubble,nvidia",https://mastodon.social/@mimsy_borogrove/115285082501359629
115285027999241974,AGT@mastodon.scot,0,en,4,0,"digital,computers,computing,images,animation,artificialintelligence,ai,life,FamousPeople,historical,photos,history,beautiful,celebrities,photographs,beauty,photography",https://mastodon.scot/@AGT/115285027972755415
115284994772609724,mindlude,0,en,0,0,"ai,venturecapital,techindustry,futureofwork,digitaltransformation",https://mastodon.social/@mindlude/115284994772609724
115284968686229812,vladimirvc@fosstodon.org,0,es,4,0,"raspberrypi,ai,llm,opensource",https://fosstodon.org/@vladimirvc/115284968623143718
115284965120459020,ai@defcon.social,0,en,0,0,"aiagent,ai,ml,nlp,llm,genai",https://defcon.social/@ai/115284965088851767
115284793281372017,infoekcz@mamutovo.cz,0,cs,2,0,"llm,ai,deepl,perplexity,tech,factchecking",https://mamutovo.cz/@infoekcz/115284793170563105
115284768795319507,schifeling,0,en,0,0,"ai,careercoaching",https://mastodon.social/@schifeling/115284768795319507
115284756585150594,YLee,1,en,2,0,"tech,ai,internet,socialmedia",https://mastodon.social/@YLee/115284756585150594
115284652032440732,iheartnoise.bsky.social@bsky.brid.gy,0,en,0,1,,https://fed.brid.gy/r/https://bsky.app/profile/did:plc:ykwur7rcw2nofxhwacigulyq/post/3lzwphwoh6s2f
115284725028400041,DrMikeWatts@newsmast.social,0,en,1,0,"ai,artificialintelligence",https://newsmast.social/@DrMikeWatts/115284724940362459
115284724230890012,DrMikeWatts,0,en,1,0,"ai,artificialintelligence",https://mastodon.social/@DrMikeWatts/115284724230890012
115284718089768729,adamasnemesis@social.adamasnemesis.com,0,en,2,0,"ai,llm,chatgpt,machinelearning,software,thoughts",https://social.adamasnemesis.com/@adamasnemesis/115284717449537651
115284668055071204,antikaon@mastodon.cloud,1,en,2,1,"music,ai",https://mastodon.cloud/@antikaon/115284668019898282
115284653953165491,hongster@fosstodon.org,0,en,0,0,"ai,EnterpriseTech,opensource,techtrends,digitaltransformation",https://fosstodon.org/@hongster/115284653914681470
115284647713509394,charlie.robinson@vigilante.tv,0,,1,0,"ai,artificialintelligence,charlierobinson,chatbot,realitynotfound",https://vigilante.tv/videos/watch/08de99f7-0d78-4393-872f-bb6fdb476049
115284646214330721,qiita@rss-mstdn.studiofreesia.com,0,ja,0,0,"qiita,読書,ai",https://rss-mstdn.studiofreesia.com/@qiita/115284646041686096
115284625503080800,alfredo@indieweb.social,0,en,0,0,"ai,aiscam,otm",https://indieweb.social/@alfredo/115284625461895107
115284622943244052,lbhuston,0,en,0,0,"mentalmodels,ai,systemsthinking",https://mastodon.social/@lbhuston/115284622943244052
115284553319943825,OpenForum@federated.press,0,en,1,0,ai,https://federated.press/@OpenForum/115284553290701592
115284552582828135,OpenForum@vivaldi.net,0,en,1,0,ai,https://social.vivaldi.net/@OpenForum/115284552538029998
115284492132286300,fintechken@mstdn.jp,0,ja,1,0,"人工知能,テック,テクノロジー,apple,ai",https://mstdn.jp/@fintechken/115284492091252014
115284457791569662,tanorax1,0,en,4,0,"ai,cybersecurity,capricorn,ev,robot,evtol,politics,3dprinter,healthcare,nanotechnology,economy",https://mastodon.social/@tanorax1/115284457791569662
115284456866588192,louischance@piaille.fr,1,en,1,1,"ai,game,challenge,generativeAI",https://piaille.fr/@louischance/115284456785403282
115284451976066168,snorlax8917@killbait.com,0,,0,0,"ai,youtube",https://killbait.com/posts/page/youtube-music-tests-ai-hosts-for-interactive-listening-experience?ridcomment=196032d4-e794-4888-9620-87b3927a8573#comment3
115284372656463040,tedu@honk.tedunangst.com,0,,0,0,"ai,philly,freedomball",https://honk.tedunangst.com/u/tedu/h/5PXlP3qwdSF8ZL4Lq2
115284339549501362,tiotasram@kolektiva.social,1,en,0,0,"ai,llms",https://kolektiva.social/@tiotasram/115284339266525662
115284336032147590,cgworld@rss-mstdn.studiofreesia.com,0,ja,0,0,"cgworld,ai,テクスチャ,マテリアル,モデリング,ニュース,cgワールド,cg,映像",https://rss-mstdn.studiofreesia.com/@cgworld/115284335830997477
115284316837185484,bitchboss@marcella.masto.host,1,en,0,0,"microsoftpilot,ai,stablediffusionweb,sucks",https://marcella.masto.host/@bitchboss/115284316790518418
115284312565861129,jolteon8113@killbait.com,0,,0,0,"siri,apple,ai",https://killbait.com/posts/page/apple-develops-new-ai-app-to-test-siri-overhaul?ridcomment=5cad0e83-6cf9-44b0-9495-9a943002b15b#comment3
115284309764873595,DrMikeWatts@newsmast.social,0,en,1,0,"ai,artificialintelligence",https://newsmast.social/@DrMikeWatts/115284309714543999
115284309095950126,DrMikeWatts,0,en,1,0,"ai,artificialintelligence",https://mastodon.social/@DrMikeWatts/115284309095950126
115284306251059779,paperswelove@mstdn.io,2,en,6,0,"nyc,llm,ai,compsci,paperswelove,research",https://mstdn.io/@paperswelove/115284306174814819
115282456510148395,simon_brooke@mastodon.scot,34,en,29,3,"llms,ai",https://mastodon.scot/@simon_brooke/115282456429340122
115284302247036342,news@wakoka.com,0,en,0,0,"ai,canada,アプリ・サービス,カナダ,動画・音楽・ゲーム",https://wakoka.com/@news/115284301944824092
115284299712656828,itmedia_news@rss-mstdn.studiofreesia.com,0,ja,0,0,"itmedia_news,トップニュース,ai,生成aiニュース,企業_業界動向",https://rss-mstdn.studiofreesia.com/@itmedia_news/115284299502935648
115284293704217527,nic221.bsky.social@bsky.brid.gy,0,en,0,0,"ai,scholarlypublishing,search",https://fed.brid.gy/r/https://bsky.app/profile/did:plc:rhkcyc46ubi523e47bhnkpbb/post/3lzwkezh4rp2b
115284293319928325,nic221@techhub.social,0,en,0,0,"ai,scholarlypublishing,search",https://techhub.social/@nic221/115284293218045936
115284279999693964,dadyminds,0,en,0,0,"intelligence,generative,ai,fortune,enterprise,productivity,security,collaborative,efficiency",https://mastodon.social/@dadyminds/115284279999693964
115284276420619346,theforestbeforeus,4,en,1,0,"ai,science,edusky,nature",https://mastodon.social/@theforestbeforeus/115284276420619346
115284265208954719,anubis2814@friendica.myportal.social,0,en,0,0,ai,https://friendica.myportal.social/display/e65e1095-1068-d9b5-9237-551825460391
115284253051715558,nic221.bsky.social@bsky.brid.gy,0,en,0,0,"ai,datacenters,water",https://fed.brid.gy/r/https://bsky.app/profile/did:plc:rhkcyc46ubi523e47bhnkpbb/post/3lzwjrkryhn27
115284250553115950,nic221@techhub.social,0,en,0,0,"ai,datacenters,water",https://techhub.social/@nic221/115284250441918452
115284197082182149,doomsday@m.cmx.im,0,zh-CN,0,0,"月曜がんばれ,松實優麗,うちの子,stablediffusion,ai,ai繪圖,aiイラスト,aiart,aiイラスト好きさんと繋がりたい",https://m.cmx.im/@doomsday/115284196980823699
115284171237613452,Legend_Artillery,0,en,0,0,"nsfw,ai,asian,petite,body,perfect,teen",https://mastodon.social/@Legend_Artillery/115284171237613452
115284171103601320,whatyoumissed@mastodon.vtip.me,0,en,2,0,"jimcramer,ai,industrialrevolution,technology,investing,dotcombubble",https://mastodon.vtip.me/@whatyoumissed/115284170367415371
115284169817238532,ASegar,2,en,7,0,"scifi,generativeAI,llm,ai",https://mastodon.social/@ASegar/115284169817238532
115284148562688031,iamada@tech.lgbt,2,en,0,1,"ai,mentalhealth",https://tech.lgbt/@iamada/115284148400098059
115284140516846974,cory@follow.coryd.dev,1,en,0,0,ai,https://follow.coryd.dev/@cory/115284139738552580
115284138702742398,freezenet@noc.social,0,en,4,0,"australia,analysis,ai,ageverification,security,privacy,news,censorship",https://noc.social/@freezenet/115284138561805947
115284109005403491,leanpub,0,en,0,0,"ai,courses,masterclasses",https://mastodon.social/@leanpub/115284109005403491
115284084576394488,juliewebgirl@mstdn.social,1,en,0,0,ai,https://mstdn.social/@juliewebgirl/115284084524660357
115284077020936032,Natasha_Jay@tech.lgbt,16,en,10,0,"ai,llm",https://tech.lgbt/@Natasha_Jay/115284076630745529
115284067945686242,nikola@kotur.eu,0,en,0,0,ai,https://kotur.eu/@nikola/115284067762607911
115284054022619498,theverge@c.im,0,en,2,0,"applerumors,apple,news,tech,ai",https://c.im/@theverge/115284054033182143
115284027721678563,nic221.bsky.social@bsky.brid.gy,0,en,1,0,"ai,climate,webinars",https://fed.brid.gy/r/https://bsky.app/profile/did:plc:rhkcyc46ubi523e47bhnkpbb/post/3lzwglpz6v22e
115284026614838629,nic221@techhub.social,0,en,1,0,"ai,climate,webinars",https://techhub.social/@nic221/115284026499251503
115284017688557750,techcrunch.com@web.brid.gy,0,en,1,0,"ai,microsoft,oracle,nvidia,softbank,meta,stargate,evergreens",https://fed.brid.gy/r/https://techcrunch.com/2025/09/28/the-billion-dollar-infrastructure-deals-powering-the-ai-boom/
115284017341478219,inw,1,de,1,0,"web,ai",https://mastodon.social/@inw/115284017341478219
115284008245885831,ahasty@techhub.social,3,en,1,1,"privacy,surveillance,ai,antifascist,bigtech",https://techhub.social/@ahasty/115284008207498187
115283991621310620,VE3RWJ@mastodon.radio,0,en,1,0,"ai,finance",https://mastodon.radio/@VE3RWJ/115283991508762019
115283949480250502,ai@defcon.social,0,en,0,0,"aiagent,ai,ml,nlp,llm,genai",https://defcon.social/@ai/115283949446960347
115283947442261818,blog@leonfurze.com,0,en,0,0,"ai,AIAs,assessment,education",https://leonfurze.com/2025/09/29/the-ai-assessment-scale-new-peer-reviewed-paper/
115283935171454362,abcfeeds@rssfeed.media,0,en,0,0,"war,ai,worldpolitics",https://rssfeed.media/@abcfeeds/115283933883992270
115283933085360798,jbz@indieweb.social,2,en,4,0,"calibre,ai,opensource",https://indieweb.social/@jbz/115283932999225825
115283906209119379,Natanox@chaos.social,3,en,1,1,ai,https://chaos.social/@Natanox/115283906126453072
115283882247760991,kdkorte@fosstodon.org,0,en,0,0,"ai,education",https://fosstodon.org/@kdkorte/115283882221677034
115283865319063601,maniabel@mastodon.de,1,de,2,0,"ai,ki,wirtschaft,blase,krise",https://mastodon.de/@maniabel/115283865264664430
115283861708869384,gotorola@ol2ol.com,0,en,0,0,"ai,autoupload,entertainment,youtubeautomation,エンタメ,松岡茉優",https://ol2ol.com/@gotorola/115283861535463618
115283849213719871,northcape@linernotes.club,0,en,0,0,"crash,bubble,ai",https://linernotes.club/@northcape/115283849163230791
115283825592364914,firusvg,2,en,3,0,"ai,genai,llm,vibecoding",https://mastodon.social/@firusvg/115283825592364914
115283823526869070,Gustodon@mas.to,4,en,3,0,"x,meta,facebook,chatgpt,ai",https://mas.to/@Gustodon/115283823479332796
115283816312434330,ITinsights,0,nl,0,0,"ai,techtrends",https://mastodon.social/@ITinsights/115283816312434330
115283790949616421,h4ckernews,1,en,2,0,"hackernews,qmasingularity,technology,trends,ai,singularity,futureoftech,quantumcomputing",https://mastodon.social/@h4ckernews/115283790949616421
115283789908417992,dallo@pouet.chapril.org,25,en,29,1,"strike,protest,ai,llm,datacenter,resistiagen,environment,climate",https://pouet.chapril.org/@dallo/115283789885734061
115283777349755137,DrMikeWatts@newsmast.social,0,en,1,0,"ai,artificialintelligence",https://newsmast.social/@DrMikeWatts/115283777297696314
115283776612224687,DrMikeWatts,0,en,1,1,"ai,artificialintelligence",https://mastodon.social/@DrMikeWatts/115283776612224687
115283775465960156,elly@front-end.social,2,en,2,0,"bookmarks,ai,working",https://front-end.social/@elly/115283775341157164
115283761067093640,hastur@masto.hackers.town,0,sv,0,0,"ai,aibubble",https://masto.hackers.town/@hastur/115283760983049751
115283730073501389,rogt_x1997,0,en,1,0,"ai,productivity,automation",https://mastodon.social/@rogt_x1997/115283730073501389
115283683068749007,ai@defcon.social,0,en,0,0,"aiagent,ai,ml,nlp,llm,genai",https://defcon.social/@ai/115283683034615359
115283678015663735,frontenddogma@mas.to,1,en,0,0,"ai,designsystems,design",https://mas.to/@frontenddogma/115283677939323540
115283677107123147,studioinkdesignbr,1,pt,0,0,"machinelearning,ai",https://mastodon.social/@studioinkdesignbr/115283677107123147
115283676575990224,deadline,0,en,0,0,"news,ai,lukasgage,melissabarrera,particle6,tillynorwood,xicoia",https://mastodon.social/@deadline/115283676575990224
115283658172467974,wwojtak@fediscience.org,2,en,2,0,"robotics,robots,ai,hri",https://fediscience.org/@wwojtak/115283658117557822
115283648480100895,danie10@squeet.me,0,en,4,0,"blog,privacy,ai,technology",https://squeet.me/display/962c3e10-612b6694-3c1a377e403b2857
115283617714743394,variety_feed,0,en,0,0,"variety,news,ai,tillynorwood,zurichfilmfestival",https://mastodon.social/@variety_feed/115283617714743394
115283582707499635,AuthorLinda,0,en,0,0,"21stcentury,ai,beliefs,bible,body,christian,christianity,christians,clubs,conference,conviction,counselor,courage,cult,disguises,entrepreneurship,faith,fame,fear,fortune,god,healling",https://mastodon.social/@AuthorLinda/115283582707499635
115283571588437536,guidostevens@kolektiva.social,1,en,0,0,"ai,bubble",https://kolektiva.social/@guidostevens/115283571459327327
115283546677891817,c0nsid3rate@infosec.exchange,1,en,0,0,"ai,llms",https://infosec.exchange/@c0nsid3rate/115283546627328869
115281423538228539,isAutonomous@karlsruhe-social.de,0,de,1,2,,https://karlsruhe-social.de/@isAutonomous/115281423191908253
115283521244747412,softsasi,0,en,1,0,"ai,marketing,startup",https://mastodon.social/@softsasi/115283521244747412
115283514557482460,smartmic,1,de,1,0,"ai,aihype,generativeAI,aibubble",https://mastodon.social/@smartmic/115283514557482460
115283464237157829,ITinsights,0,nl,0,0,"ai,technologie",https://mastodon.social/@ITinsights/115283464237157829
115283461123401942,foxmental.bsky.social@bsky.brid.gy,0,en,0,0,"chatgpt,ai,artificialintelligence,llm,openai",https://fed.brid.gy/r/https://bsky.app/profile/did:plc:zhq4wxlxtiwc2hznld4w364j/post/3lzw6kfipcm2r
115283444095399449,Archimage@micro.blog,0,,0,0,"social,ai",https://archimage.micro.blog/2025/09/28/how-do-you-know-the.html
115283443181661364,SergKoren@writing.exchange,0,en,0,0,"social,ai",https://writing.exchange/@SergKoren/115283443143911289
115280990401426473,juliewebgirl@mstdn.social,1,en,0,2,ai,https://mstdn.social/@juliewebgirl/115280990341901376
115283428353965811,rettichschnidi@swiss.social,6,en,5,2,"frankly,sustainable,greenwashing,abb,ai,vorsorge,schweiz",https://swiss.social/@rettichschnidi/115283428316960957
115283408393497897,artfulrobot@floss.social,1,en,0,0,ai,https://floss.social/@artfulrobot/115283408353392846
115283402091818408,gpiperagkas@sfba.social,2,en,4,1,"nvidia,ai",https://sfba.social/@gpiperagkas/115283402061501164
115283401131606392,KituRigo@norden.social,0,de,0,2,"tatort,ai",https://norden.social/@KituRigo/115283398347300859
115281231184555098,chpietsch@fedifreu.de,199,en,241,7,ai,https://fedifreu.de/@chpietsch/115281230510192206
115283384417890201,richardhull54.bsky.social@bsky.brid.gy,0,en,0,0,"ai,aiapocalypse",https://fed.brid.gy/r/https://bsky.app/profile/did:plc:r3q3tty2g37gynvytboabirp/post/3lzw5h5mmt22x
115283380012388609,Ramonvila67,0,en,0,0,"ai,digitallove,cyberpunk,VirtualMuse,futuristicart",https://mastodon.social/@Ramonvila67/115283380012388609
115283374219343203,yayafa@jforo.com,0,en,0,0,"ai,bitcoin,btc,eth,ideco,money,nasdaq,nft,nisa,p2e,playtoearn,ripple,s,sei,sol,sui,web3,イーサリアム,お金,すい,セイ,ソラナ,ナスダック,ビットコイン,ブロックチェーン,リップル,仮想通貨,暗号通貨,資産形成,資産運用",https://jforo.com/@yayafa/115283373992882945
115283363343152372,fedistats@techhub.social,0,en,0,0,ai,https://techhub.social/@fedistats/115283363246447308
115283362813419995,kat@is.burntout.org,0,en,0,0,"llm,ai",https://is.burntout.org/@kat/115283362625856932
115283362625148355,danvieira@mstdn.social,0,en,1,0,"aihype,ai,llm",https://mstdn.social/@danvieira/115283362416872025
115283360505122575,ramikrispin@mstdn.social,1,en,2,0,"ai,machinelearning,datascience",https://mstdn.social/@ramikrispin/115283360443934563
115283349967871518,garthoid@infosec.exchange,1,en,2,0,ai,https://infosec.exchange/@garthoid/115283349944929246
115283346601002930,vivizine@ol2ol.com,0,en,0,0,"のだめカンタービレ,上野樹里,玉木宏,水川あさみ,向井理,ドラマ,平成,drama,ai,aiart,aivideo,AIgenerated,actor,俳優",https://ol2ol.com/@vivizine/115283346441168379
115283342525092480,AlexJimenez@mas.to,0,en,1,0,"digitaltransformation,aidebt,ai",https://mas.to/@AlexJimenez/115283342489472055
115283338997793221,alfredo@indieweb.social,1,en,0,0,"web,www,timbernerslee,ai",https://indieweb.social/@alfredo/115283338972177388
115283331484800991,ErikJonker,4,en,10,0,"ai,bubble",https://mastodon.social/@ErikJonker/115283331484800991
115283327607517322,G3rt@mastodon.uno,0,it,2,0,"nature,ai,biology,healthcare,medicine,bioinformatics",https://mastodon.uno/@G3rt/115283327561967322
115283309584214047,inautilo,0,en,3,0,"business,cartoons,humans,machines,ai,slop,prompting,authenticity,content,blog,website,marketing",https://mastodon.social/@inautilo/115283309584214047
115283302122408726,huftis@toot.io,1,nn,2,0,"linkedin,linkedin_optout,forbruker,kunstigintelligens,ki,ai,Norsktut,allheimen",https://toot.io/@huftis/115283301951553226
115283276675704224,jackwilliambell@rustedneuron.com,3,en,1,1,ai,https://rustedneuron.com/@jackwilliambell/115283274671103156
115283268276077415,nathansmith@hachyderm.io,1,en,3,0,"ai,research,workflow,writing",https://hachyderm.io/@nathansmith/115283268244112271
115283253194025520,ai@defcon.social,0,en,0,0,"aiagent,ai,ml,nlp,llm,genai",https://defcon.social/@ai/115283253138243682
115283252706663672,events@mastodon.gamedev.place,0,en,1,0,"nvidia,NVIDIAGTC,gamedev,ai,artificialintelligence",https://mastodon.gamedev.place/@events/115283252593137409
115283189896479492,neil@mastodon.neilzone.co.uk,5,en,5,5,"rayban,meta,privacy,inclusion,accessibility",https://mastodon.neilzone.co.uk/@neil/115283176203938497
115283241474834092,Archimage@micro.blog,0,,0,0,"ai,failure,humanity",https://archimage.micro.blog/2025/09/28/an-ai-that-refuses-to.html
115282850232484257,chrisstoecker,26,de,19,5,,https://mastodon.social/@chrisstoecker/115282850232484257
115283228040033969,SergKoren@writing.exchange,0,en,0,0,"ai,failure,humanity",https://writing.exchange/@SergKoren/115283228004011388
115283227391002062,ArticleforuWebsite,0,en,0,0,"affiliatemarketing,ai,marketingstrategies,onlinemarketing,AffiliatePrograms,aitools,artificialintelligence,contentmarketing,digitalmarketing,marketingautomation,marketingcampaigns,MarketingTechnology,performancemarketing,revenueoptimization",https://mastodon.social/@ArticleforuWebsite/115283227391002062
115283226726674397,hobbyblogging,0,de,0,0,"smarthome,ai,homeassistant,technologie",https://mastodon.social/@hobbyblogging/115283226726674397
115283225845139540,aibay,0,it,1,0,"ai,deutschebank,socialmedia,artificialintelligence,technology",https://mastodon.social/@aibay/115283225845139540
115283224594643816,boor,2,en,0,1,"ai,diy,tinkerer,ollama,gaming,pc,openwebui,selfhosted",https://mastodon.social/@boor/115283224594643816
115283220751179848,juanky@masto.es,0,es,0,0,"ai,transformaciondigital,talentotech",https://masto.es/@juanky/115283220692774395
115283202453674924,readbeanicecream,3,en,7,0,"tech,technology,ai,artificialintelligence,coding,programming,developers,coders,vibecoding,code",https://mastodon.social/@readbeanicecream/115283202453674924
115283193979016297,elfkin@woof.group,5,en,0,1,ai,https://woof.group/@elfkin/115283193756481350
115283157838451896,technologycarnival,0,en,1,0,"syntheticdata,artificialintelligence,ai,data",https://mastodon.social/@technologycarnival/115283157838451896
115283156667507392,BCWHS,0,en,1,0,"art,artificialintelligence,ai,echoes,language",https://mastodon.social/@BCWHS/115283156667507392
115283142519749768,tinygirl@mstdn.social,0,en,0,1,ai,https://mstdn.social/@tinygirl/115283142469519797
115283140020250159,technologycarnival,0,en,1,0,"syntheticdata,artificialintelligence,ai,data",https://mastodon.social/@technologycarnival/115283140020250159
115283133969870864,dashremover,0,en,0,0,"ai,productivity",https://mastodon.social/@dashremover/115283133969870864
115283114496436522,fedistats@techhub.social,0,en,0,0,ai,https://techhub.social/@fedistats/115283114439455703
115283110017590807,ITinsights,0,nl,0,0,"ai,cybersecurity",https://mastodon.social/@ITinsights/115283110017590807
115283106634777684,AlexJimenez@mas.to,0,en,2,0,"education,generativeAI,ai",https://mas.to/@AlexJimenez/115283106582401575
115283097341347155,martinbihl@pixelfed.social,0,,3,0,"jazz,ai,creativity,advertising,marketing,artificialintelligence",https://pixelfed.social/p/martinbihl/877967074326504289
115283089951445608,martinbihl,1,en,4,0,"ai,jazz,creativity,advertising,marketing,artificialintelligence",https://mastodon.social/@martinbihl/115283089951445608
115283087358090440,G4Media@mastodon.world,0,ro,0,0,"Timișoara,inteligențaartificiala,știri,romania,timisoara,tehnologie,ai",https://mastodon.world/@G4Media/115283087293831462
115283044620280562,flypig,12,en,9,1,"llm,ai,ui,cli",https://mastodon.social/@flypig/115283044620280562
115283023481499081,alphaville@infosec.exchange,0,en,2,0,"llm,ai,rlhf,hallucinations,agenticai",https://infosec.exchange/@alphaville/115283023457040188
115283018221889701,simon_brooke@mastodon.scot,6,en,4,1,"llms,ai",https://mastodon.scot/@simon_brooke/115283018183439988
115283008935715128,ngate,0,en,0,0,"server,ai,tech,innovation,useful,advancements,cloudflare,trends,hackernews,ngated",https://mastodon.social/@ngate/115283008935715128
115283007608615136,mrcopilot@mstdn.social,1,en,2,1,"ai,agi,llm,guessbot",https://mstdn.social/@mrcopilot/115283007476796730
115282994032862444,podcasthero,0,en,1,0,"ai,artificialintelligence,bunkerproject",https://mastodon.social/@podcasthero/115282994032862444
115282963654662176,marcusgreen@fosstodon.org,2,en,3,1,"openwebui,ai,llm,ollama",https://fosstodon.org/@marcusgreen/115282963590555956
115282961300487995,rhelune@todon.eu,6,en,2,1,"llm,llms,ai,factchecking",https://todon.eu/@rhelune/115282961187096783
115282960919471804,Kroc@oldbytes.space,13,en,11,2,"exel,clippy,retrocomputing,enshitification,microsoft,windows,ai",https://oldbytes.space/@Kroc/115282960686356385
115282948540804276,TechDesk@flipboard.social,2,en,8,1,"tech,cybersecurity,hacking,ai,technology,artificialintelligence",https://flipboard.social/@TechDesk/115282948073211154
115282945368811273,ErikJonker,0,en,2,2,"ai,bubble",https://mastodon.social/@ErikJonker/115282945368811273
115282942017818163,simon_brooke@mastodon.scot,6,en,2,0,"aibubble,llms,ai",https://mastodon.scot/@simon_brooke/115282941957228863
115282937293309280,BenjaminHCCarr@hachyderm.io,0,en,3,0,"chatbot,culturewars,ai,bias,socialmedia,artificialintelligence,claude,gemini,biased,executiveorder",https://hachyderm.io/@BenjaminHCCarr/115282937206504363
115282930095726081,lobsters,0,en,0,0,ai,https://mastodon.social/@lobsters/115282930095726081
115282927173700643,simon_brooke@mastodon.scot,3,en,9,0,"llms,ai",https://mastodon.scot/@simon_brooke/115282927110642044
115282924682995159,victoriariess,1,en,0,0,"ai,genai",https://mastodon.social/@victoriariess/115282924682995159
115282912982152458,Xochocotoons,0,en,0,0,"ai,furryart,furry",https://mastodon.social/@Xochocotoons/115282912982152458
115282899639380198,AureliusChat,0,es,0,0,"techtrends,businessinnovation,ai",https://mastodon.social/@AureliusChat/115282899639380198
115282897532299263,drweb2@drwebdomain.blog,0,en,1,0,"ai,artificialintelligence,cheating,education,health,libraries,library,research,science,scientificamerican,studybehaviorwithai,technology,unitedstates",https://drwebdomain.blog/2025/09/28/people-are-more-likely-to-cheat-when-they-use-ai-scientific-american-2/
115282823170886614,tazgetroete,19,de,15,4,,https://mastodon.social/@tazgetroete/115282823170886614
115282891517505228,blog@jpreardon.com,0,en,1,0,"ai,Jamulus,uspol",https://jpreardon.com/2025/09/28/weeknotes-2025-39/
115282888617887849,fedistats@techhub.social,0,en,0,1,ai,https://techhub.social/@fedistats/115282888571995385
115282879328127787,linuxiac,5,en,3,0,"fedora,linux,ai",https://mastodon.social/@linuxiac/115282879328127787
115282872798478051,G3rt@mastodon.uno,9,it,7,1,"coding,ai,programming",https://mastodon.uno/@G3rt/115282872738953599
115282871029503094,AlexJimenez@mas.to,0,en,1,0,"digitalmarketing,ai",https://mas.to/@AlexJimenez/115282870971583009
115282854346176183,techcrunch.com@web.brid.gy,0,en,0,0,"ai,security,amiluttwak,cybersecurity,wiz",https://fed.brid.gy/r/https://techcrunch.com/2025/09/28/wiz-chief-technologist-ami-luttwak-on-how-ai-is-transforming-cyberattacks/
115282850641329673,bananenwinkel@mastodon.nl,0,nl,0,0,ai,https://mastodon.nl/@bananenwinkel/115282850592679532
115282803213046105,prompt@streetwi.se,0,sv,0,1,,https://streetwi.se/@prompt/115282803169866356
115282802943399836,mk30@tilde.zone,2,en,4,0,"ai,ml,tech,economy,bubble",https://tilde.zone/@mk30/115282802824944716
115282795739147002,neuron8103,4,en,0,0,"nsfw,nude,erotic,sexy,ai,lustfulneuron",https://mastodon.social/@neuron8103/115282795739147002
115282794329615985,mindlude,0,en,0,0,"autonomousvehicles,startup,techcrunch,futureoftransport,ai",https://mastodon.social/@mindlude/115282794329615985
115282790306830932,thetechbull,0,en,0,0,"ai,cybersecurity,fintech",https://mastodon.social/@thetechbull/115282790306830932
115282373639442702,neo@psynet.me,0,en,0,1,,https://soc.psynet.me/@neo/115282373551606394
115282756798125385,moezine@ol2ol.com,0,en,0,0,"トリリオンゲーム,津田健次郎,百田夏菜子,ももクロ,ai,kiss,shorts,芸能人,ドラマ,idol,アイドル",https://ol2ol.com/@moezine/115282756590565117
115282756163302570,kdkorte@fosstodon.org,1,en,0,0,"ai,monopoly",https://fosstodon.org/@kdkorte/115282756128613925
115282752945900048,hacker_news_bot,1,en,0,0,"hackernews,news,bot,ai,hackernewsbot,coding",https://mastodon.social/@hacker_news_bot/115282752945900048
115282740115889034,di@patashnik.club,3,ru,1,0,"cursor,ai",https://patashnik.club/@di/115282739219835981
115282715506165452,proseandpassion,1,en,4,1,"ai,technology,society,culture",https://mastodon.social/@proseandpassion/115282715506165452
115282713402438882,CuratedHackerNews,0,en,0,0,ai,https://mastodon.social/@CuratedHackerNews/115282713402438882
115282709701910629,h4ckernews,2,en,3,0,"hackernews,ai,coding,trap,technology,software,development,challenges,innovation",https://mastodon.social/@h4ckernews/115282709701910629
115282706875441009,VE3RWJ@mastodon.radio,0,en,0,0,ai,https://mastodon.radio/@VE3RWJ/115282706698945644
115282698445701570,ceotech,0,it,1,0,"ai,apple,appleintelligence,bug,intelligenzaartificiale,ios26,iphone17,iphone17pro,iphone17promax,iphoneair,problemi",https://mastodon.social/@ceotech/115282698445701570
115282680792042418,jonw@cosocial.ca,0,en,0,0,ai,https://cosocial.ca/@jonw/115282680443901534
115282650893552280,VE3RWJ@mastodon.radio,0,en,3,0,"entertainment,law,music,artist,ai",https://mastodon.radio/@VE3RWJ/115282650759816602
115282639888759979,golem5551@killbait.com,0,,0,0,"siri,apple,ai",https://killbait.com/posts/page/apple-develops-new-ai-app-to-test-siri-overhaul#comment1
115282632898269514,fedistats@techhub.social,0,en,0,0,ai,https://techhub.social/@fedistats/115282632863165439
115282603077090367,beejjorgensen@mastodon.sdf.org,0,en,4,0,"www,technology,politics,ai",https://mastodon.sdf.org/@beejjorgensen/115282602701318740
115282573547739158,aiandemily,0,ja,0,0,"ai,chatgpt,チャットgpt,機械学習,画像生成,ai画像,aiイラスト,画像生成ai,画像生成ai無料,GPTs,sora,claude,aiエージェント,google,gemini,aiモデル解説,cha",https://mastodon.social/@aiandemily/115282573547739158
115282567155639672,techforumtr,1,tr,2,0,"ai,haber,forum,pcforum,oyunlar,turkey,teknolojioku,bilisayarlar,donanim,telefon,teknoloji,bilgisayar,pc,technology,tech,teknolojiforum,techforumtr,ekrankarti,teknolojihaberleri",https://mastodon.social/@techforumtr/115282567155639672
115282567063633454,techforumtr@mastoturk.org,0,tr,2,0,"ai,haber,forum,pcforum,oyunlar,turkey,teknolojioku,bilisayarlar,donanim,telefon,teknoloji,bilgisayar,pc,technology,tech,teknolojiforum,techforumtr,ekrankarti,teknolojihaberleri",https://mastoturk.org/@techforumtr/115282567053925124
115282566924801150,techforumtr@strangeminds.social,0,tr,3,0,"ai,haber,forum,pcforum,oyunlar,turkey,teknolojioku,bilisayarlar,donanim,telefon,teknoloji,bilgisayar,pc,technology,tech,teknolojiforum,techforumtr,ekrankarti,teknolojihaberleri",https://strangeminds.social/@techforumtr/115282566888039606
115282556366175764,techforumtr,0,tr,2,0,"ai,haber,forum,pcforum,oyunlar,turkey,teknolojioku,bilisayarlar,donanim,telefon,teknoloji,bilgisayar,pc,technology,tech,teknolojiforum,techforumtr,ekrankarti,teknolojihaberleri,sorusor,kesfet",https://mastodon.social/@techforumtr/115282556366175764
115282556180516417,techforumtr@mastoturk.org,0,tr,2,0,"ai,haber,forum,pcforum,oyunlar,turkey,teknolojioku,bilisayarlar,donanim,telefon,teknoloji,bilgisayar,pc,technology,tech,teknolojiforum,techforumtr,ekrankarti,teknolojihaberleri,sorusor,kesfet",https://mastoturk.org/@techforumtr/115282556211139434
115282556132817627,techforumtr@strangeminds.social,0,tr,3,0,"ai,haber,forum,pcforum,oyunlar,turkey,teknolojioku,bilisayarlar,donanim,telefon,teknoloji,bilgisayar,pc,technology,tech,teknolojiforum,techforumtr,ekrankarti,teknolojihaberleri,sorusor,kesfet",https://strangeminds.social/@techforumtr/115282556082689562
115282549110870250,techforumtr,0,tr,2,0,"ai,haber,forum,pcforum,oyunlar,turkey,teknolojioku,bilisayarlar,donanim,telefon,teknoloji,bilgisayar,pc,technology,tech,teknolojiforum,techforumtr,ekrankarti,teknolojihaberleri,sorusor,kesfet",https://mastodon.social/@techforumtr/115282549110870250
115282548995804405,techforumtr@mastoturk.org,0,tr,1,0,"ai,haber,forum,pcforum,oyunlar,turkey,teknolojioku,bilisayarlar,donanim,telefon,teknoloji,bilgisayar,pc,technology,tech,teknolojiforum,techforumtr,ekrankarti,teknolojihaberleri,sorusor,kesfet",https://mastoturk.org/@techforumtr/115282548957452157
115282548826638561,techforumtr@strangeminds.social,0,tr,3,0,"ai,haber,forum,pcforum,oyunlar,turkey,teknolojioku,bilisayarlar,donanim,telefon,teknoloji,bilgisayar,pc,technology,tech,teknolojiforum,techforumtr,ekrankarti,teknolojihaberleri,sorusor,kesfet",https://strangeminds.social/@techforumtr/115282548782591367
115282542463214655,techforumtr,0,tr,2,0,"ai,haber,forum,pcforum,oyunlar,turkey,teknolojioku,bilisayarlar,donanim,telefon,teknoloji,bilgisayar,pc,technology,tech,teknolojiforum,techforumtr,ekrankarti,teknolojihaberleri",https://mastodon.social/@techforumtr/115282542463214655
115282542284161434,techforumtr@mastoturk.org,0,tr,1,0,"ai,haber,forum,pcforum,oyunlar,turkey,teknolojioku,bilisayarlar,donanim,telefon,teknoloji,bilgisayar,pc,technology,tech,teknolojiforum,techforumtr,ekrankarti,teknolojihaberleri",https://mastoturk.org/@techforumtr/115282542300421952
115282542237088279,techforumtr@strangeminds.social,0,tr,3,0,"ai,haber,forum,pcforum,oyunlar,turkey,teknolojioku,bilisayarlar,donanim,telefon,teknoloji,bilgisayar,pc,technology,tech,teknolojiforum,techforumtr,ekrankarti,teknolojihaberleri",https://strangeminds.social/@techforumtr/115282542187576818
115282537183090751,techforumtr,1,tr,2,0,"ai,haber,forum,pcforum,oyunlar,turkey,teknolojioku,bilisayarlar,donanim,telefon,teknoloji,bilgisayar,pc,technology,tech,teknolojiforum,techforumtr,ekrankarti,teknolojihaberleri",https://mastodon.social/@techforumtr/115282537183090751
115282537061396893,techforumtr@mastoturk.org,0,tr,1,0,"ai,haber,forum,pcforum,oyunlar,turkey,teknolojioku,bilisayarlar,donanim,telefon,teknoloji,bilgisayar,pc,technology,tech,teknolojiforum,techforumtr,ekrankarti,teknolojihaberleri",https://mastoturk.org/@techforumtr/115282537042355810
115282536983571334,techforumtr@strangeminds.social,0,tr,3,0,"ai,haber,forum,pcforum,oyunlar,turkey,teknolojioku,bilisayarlar,donanim,telefon,teknoloji,bilgisayar,pc,technology,tech,teknolojiforum,techforumtr,ekrankarti,teknolojihaberleri",https://strangeminds.social/@techforumtr/115282536907979725
115282532820032213,techforumtr,1,tr,2,0,"ai,haber,forum,pcforum,oyunlar,turkey,teknolojioku,bilisayarlar,donanim,telefon,teknoloji,bilgisayar,pc,technology,tech,teknolojiforum,techforumtr,ekrankarti,teknolojihaberleri",https://mastodon.social/@techforumtr/115282532820032213
115282532613647194,techforumtr@mastoturk.org,0,tr,1,0,"ai,haber,forum,pcforum,oyunlar,turkey,teknolojioku,bilisayarlar,donanim,telefon,teknoloji,bilgisayar,pc,technology,tech,teknolojiforum,techforumtr,ekrankarti,teknolojihaberleri",https://mastoturk.org/@techforumtr/115282532593619371
115282532502079339,techforumtr@strangeminds.social,0,tr,3,0,"ai,haber,forum,pcforum,oyunlar,turkey,teknolojioku,bilisayarlar,donanim,telefon,teknoloji,bilgisayar,pc,technology,tech,teknolojiforum,techforumtr,ekrankarti,teknolojihaberleri",https://strangeminds.social/@techforumtr/115282532455050394
115282519899132337,theinternetiscrack,2,en,2,0,"ai,techethics,corporateControl,digitalrights,podcast",https://mastodon.social/@theinternetiscrack/115282519899132337
115282517916712830,aibay,1,it,1,0,"ai,salutementale,socialmedia,artificialintelligence,technology",https://mastodon.social/@aibay/115282517916712830
115282507729777201,thomasfricke@23.social,0,en,0,0,"text,t2v,ai,energyconsumption",https://23.social/@thomasfricke/115282507604733807
115282492690389124,seaking5620@killbait.com,0,,0,0,"ai,youtube",https://killbait.com/posts/page/youtube-music-tests-ai-hosts-for-interactive-listening-experience
115282489271953483,harold,6,en,1,0,ai,https://mastodon.social/@harold/115282489271953483
115282487971391186,techforumtr,0,tr,2,0,"ai,haber,forum,pcforum,teknolojioku,bilisayarlar,donanim,telefon,teknoloji,bilgisayar,pc,technology,tech,teknolojiforum,techforumtr,ekrankarti,teknolojihaberleri",https://mastodon.social/@techforumtr/115282487971391186
115282487845554108,techforumtr@mastoturk.org,0,tr,1,0,"ai,haber,forum,pcforum,teknolojioku,bilisayarlar,donanim,telefon,teknoloji,bilgisayar,pc,technology,tech,teknolojiforum,techforumtr,ekrankarti,teknolojihaberleri",https://mastoturk.org/@techforumtr/115282487815835554
115282487706506161,techforumtr@strangeminds.social,0,tr,3,0,"ai,haber,forum,pcforum,teknolojioku,bilisayarlar,donanim,telefon,teknoloji,bilgisayar,pc,technology,tech,teknolojiforum,techforumtr,ekrankarti,teknolojihaberleri",https://strangeminds.social/@techforumtr/115282487676552603
115282484165437537,venonat5871@killbait.com,0,,0,0,"ai,youtube",https://killbait.com/posts/page/youtube-music-tests-ai-hosts-for-interactive-listening-experience#comment1
115282482140003519,techforumtr,0,tr,2,0,"ai,haber,forum,pcforum,oyunlar,turkey,teknolojioku,bilisayarlar,donanim,telefon,teknoloji,bilgisayar,pc,technology,tech,teknolojiforum,techforumtr,ekrankarti,teknolojihaberleri,sorusor,kesfet",https://mastodon.social/@techforumtr/115282482140003519
115282482009308786,techforumtr@mastoturk.org,0,tr,1,0,"ai,haber,forum,pcforum,oyunlar,turkey,teknolojioku,bilisayarlar,donanim,telefon,teknoloji,bilgisayar,pc,technology,tech,teknolojiforum,techforumtr,ekrankarti,teknolojihaberleri,sorusor,kesfet",https://mastoturk.org/@techforumtr/115282481990091415
115282481929687715,techforumtr@strangeminds.social,0,tr,3,0,"ai,haber,forum,pcforum,oyunlar,turkey,teknolojioku,bilisayarlar,donanim,telefon,teknoloji,bilgisayar,pc,technology,tech,teknolojiforum,techforumtr,ekrankarti,teknolojihaberleri,sorusor,kesfet",https://strangeminds.social/@techforumtr/115282481873514489
115282477921484486,techforumtr,0,tr,2,0,"ai,haber,forum,pcforum,oyunlar,turkey,teknolojioku,bilisayarlar,donanim,telefon,teknoloji,bilgisayar,pc,technology,tech,teknolojiforum,techforumtr,ekrankarti,teknolojihaberleri,sorusor,kesfet",https://mastodon.social/@techforumtr/115282477921484486
115282477469123018,techforumtr@strangeminds.social,0,tr,3,0,"ai,haber,forum,pcforum,oyunlar,turkey,teknolojioku,bilisayarlar,donanim,telefon,teknoloji,bilgisayar,pc,technology,tech,teknolojiforum,techforumtr,ekrankarti,teknolojihaberleri,sorusor,kesfet",https://strangeminds.social/@techforumtr/115282477460147240
115282473763511387,tkhunt@jpmstdn.com,0,en,0,0,"ai,bitcoin,btc,eth,ideco,investment,nasdaq,nft,nisa,p2e,playtoearn,ripple,s,sei,sol,sui,web3,イーサリアム,お金,スイ,セイ,ソラナ,ナスダック,ビットコイン,ブロックチェーン,リップル,仮想通貨,暗号通貨,資産形成,資産運用",https://jpmstdn.com/@tkhunt/115282473532265504
115282473621702042,techforumtr,0,tr,2,0,"ai,haber,forum,pcforum,oyunlar,turkey,teknolojioku,bilisayarlar,donanim,telefon,teknoloji,bilgisayar,technology,tech,teknolojiforum,techforumtr,ekrankarti,teknolojihaberleri",https://mastodon.social/@techforumtr/115282473621702042
115282473290686626,techforumtr@strangeminds.social,0,tr,3,0,"ai,haber,forum,pcforum,oyunlar,turkey,teknolojioku,bilisayarlar,donanim,telefon,teknoloji,bilgisayar,technology,tech,teknolojiforum,techforumtr,ekrankarti,teknolojihaberleri",https://strangeminds.social/@techforumtr/115282473246812730
115282469084591661,techforumtr,1,tr,2,0,"ai,haber,forum,pcforum,oyunlar,turkey,teknolojioku,bilisayarlar,donanim,telefon,teknoloji,bilgisayar,pc,technology,tech,teknolojiforum,techforumtr,ekrankarti,teknolojihaberleri,sorusor",https://mastodon.social/@techforumtr/115282469084591661
115282468917715964,techforumtr@strangeminds.social,0,tr,3,0,"ai,haber,forum,pcforum,oyunlar,turkey,teknolojioku,bilisayarlar,donanim,telefon,teknoloji,bilgisayar,pc,technology,tech,teknolojiforum,techforumtr,ekrankarti,teknolojihaberleri,sorusor",https://strangeminds.social/@techforumtr/115282468816750999
